name,age,gender,country,email
یلدا محمدخان,52,female,Iran,yld.mhmdkhn@example.com
Aline Boyer,76,female,Switzerland,aline.boyer@example.com
Gaëtan Vidal,30,male,France,gaetan.vidal@example.com
Sedef Barbarosoğlu,45,female,Turkey,sedef.barbarosoglu@example.com
Alexis Liu,34,female,Canada,alexis.liu@example.com
Julius Forland,31,male,Norway,julius.forland@example.com
Radomira Gorbatyuk,39,female,Ukraine,radomira.gorbatyuk@example.com
Gesche Grund,61,female,Germany,gesche.grund@example.com
Lubomir Đokić,73,male,Serbia,lubomir.dokic@example.com
Abelardo Canales,51,male,Mexico,abelardo.canales@example.com
